name,x,y,year,sex
Mary,-14.550478,-24.367533,1937.0,female
Barbara,-20.228773,-30.449644,1938.0,female
Patricia,-12.513638,-27.643612,1951.0,female
Shirley,-25.685747,-32.530426,1937.0,female
Betty,-26.554688,-32.823013,1937.0,female
Carol,-19.517965,-30.872654,1945.0,female
Nancy,-12.9156475,-27.59511,1947.0,female
Dorothy,-25.114338,-31.018055,1937.0,female
Joan,-24.197727,-32.197823,1937.0,female
Margaret,-16.095747,-19.654814,1937.0,female
Joyce,-21.915186,-30.95904,1941.0,female
Helen,-23.52342,-28.30751,1937.0,female
Marilyn,-22.381994,-30.063192,1937.0,female
Beverly,-17.82116,-30.155857,1937.0,female
Ruth,-21.89283,-25.663294,1937.0,female
Virginia,-20.663136,-25.60105,1937.0,female
Elizabeth,8.046533,-2.6969597,1982.0,female
Janet,-11.346677,-27.312613,1942.0,female
Frances,-23.079178,-29.004242,1937.0,female
Carolyn,-17.830456,-26.878868,1942.0,female
Donna,-4.6150436,-25.82796,1959.0,female
Doris,-24.82742,-31.600283,1937.0,female
Jean,-18.6459,-30.143219,1937.0,female
Martha,-17.549046,-25.361347,1938.0,female
Janice,-14.63305,-29.655775,1946.0,female
Sandra,-8.517879,-25.707737,1946.0,female
Phyllis,-22.378119,-31.664892,1938.0,female
Alice,-23.016306,-24.841227,1938.0,female
Lois,-24.881145,-32.40711,1937.0,female
Ann,-7.919833,-20.938581,1938.0,female
Peggy,-15.355086,-29.942127,1937.0,female
Gloria,-17.600224,-26.556047,1945.0,female
Norma,-21.402113,-27.251354,1937.0,female
Judith,-24.902744,-33.19172,1940.0,female
Marie,-12.62291,-18.003578,1937.0,female
Evelyn,-5.9765196,5.691133,1937.0,female
Dolores,-26.6312,-31.02141,1937.0,female
Rose,-14.7923975,-17.72996,1937.0,female
Anna,4.180235,10.4640665,2001.0,female
Marlene,-22.185564,-24.574045,1937.0,female
Sharon,-8.247749,-26.901953,1943.0,female
Jane,-11.740277,-25.634188,1945.0,female
Mildred,-26.360538,-31.599167,1937.0,female
Geraldine,-25.517101,-31.911083,1939.0,female
Elaine,-16.87179,-25.810064,1945.0,female
Annie,-23.0952,-23.540613,1937.0,female
Catherine,1.0095401,-10.596853,1956.0,female
Linda,-11.427604,-31.203259,1948.0,female
Louise,-23.590319,-30.906248,1937.0,female
Sylvia,-11.425255,-17.266617,1937.0,female
Joanne,-13.3951645,-26.851347,1937.0,female
Ruby,-6.3568926,4.618071,1937.0,female
Eleanor,-7.4072146,4.1352773,1937.0,female
Patsy,-25.89049,-33.180176,1937.0,female
Wanda,-9.133446,-27.022528,1939.0,female
Carole,-27.337814,-32.606194,1942.0,female
Marjorie,-23.787828,-29.800472,1938.0,female
Joann,-15.778765,-26.305473,1937.0,female
Sally,-14.692893,-25.323229,1938.0,female
Arlene,-22.775873,-27.475914,1937.0,female
Kathleen,-4.778374,-23.902885,1949.0,female
Irene,-15.909865,-19.114756,1937.0,female
Loretta,-15.262184,-26.546038,1938.0,female
Bonnie,-11.939795,-27.075462,1942.0,female
Sarah,14.171974,6.8380494,1981.0,female
Roberta,-15.232902,-27.67926,1937.0,female
Charlotte,-5.870549,5.23518,2014.0,female
Delores,-23.799686,-31.558598,1937.0,female
Rita,-10.811789,-26.72218,1949.0,female
Jacqueline,3.5533957,-8.573473,1964.0,female
June,-22.980776,-26.22239,1937.0,female
Darlene,-6.8317075,-25.346111,1958.0,female
Jo,-14.252272,-30.534222,1954.0,female
Edna,-24.085384,-29.635012,1937.0,female
Juanita,-14.51399,-21.3374,1937.0,female
Diane,-5.22163,-26.346704,1955.0,female
Yvonne,-3.6525426,-18.924686,1937.0,female
Thelma,-25.666756,-31.133652,1937.0,female
Kay,-21.487572,-30.795288,1939.0,female
Wilma,-26.953083,-31.905422,1937.0,female
Florence,-26.084805,-30.61615,1937.0,female
Josephine,-6.2971225,4.1473994,1937.0,female
Lorraine,-13.04539,-26.557047,1937.0,female
Lillian,-5.102108,9.351889,2012.0,female
Audrey,-3.9775207,8.011,2013.0,female
Gladys,-24.075245,-28.26404,1937.0,female
Pauline,-21.953873,-27.627125,1937.0,female
Ethel,-26.170973,-32.209637,1937.0,female
Emma,-8.611041,24.071537,2003.0,female
Jeanette,-7.29777,-15.752187,1939.0,female
Judy,-19.933006,-31.981089,1945.0,female
Anne,-0.6996883,-13.070399,1964.0,female
Anita,-2.5430741,-20.723888,1958.0,female
Grace,-1.501975,18.712402,2003.0,female
Theresa,2.8952951,-19.23327,1961.0,female
Edith,-22.494108,-23.803082,1937.0,female
Susan,3.2213068,-23.152956,1954.0,female
Lucille,-25.722239,-28.010815,1937.0,female
Gail,-12.073183,-30.316044,1951.0,female
Clara,-6.583065,4.8484445,1937.0,female
Karen,1.9978422,-21.50393,1956.0,female
Rosalie,-26.37,-28.402159,1938.0,female
Ellen,-8.36447,-18.909975,1946.0,female
Rosemary,-17.095373,-20.576817,1946.0,female
Brenda,1.8638518,-22.094664,1950.0,female
Julia,4.2113323,11.038273,1999.0,female
Sue,-15.210326,-30.3228,1946.0,female
Connie,-4.3275213,-25.419956,1955.0,female
Katherine,9.358664,-0.11353783,1988.0,female
Rebecca,10.826963,-4.1365857,1974.0,female
Kathryn,4.2668915,-7.904423,1951.0,female
Glenda,-13.265015,-28.740747,1944.0,female
Suzanne,0.9288036,-20.04564,1946.0,female
Diana,1.9187367,-9.956128,1946.0,female
Eileen,-9.694418,-20.940775,1943.0,female
Sheila,2.185334,-20.752415,1963.0,female
Christine,8.151134,-12.600312,1968.0,female
Maria,9.12231,-2.9988935,1966.0,female
Pamela,5.2719936,-21.514791,1954.0,female
Dianne,-11.423385,-30.280853,1945.0,female
Paula,3.1256323,-20.583012,1963.0,female
Marcia,-11.347214,-27.976479,1951.0,female
Cheryl,5.4798527,-22.19085,1958.0,female
Sherry,4.1182733,-20.53113,1963.0,female
Laura,10.669448,-7.865504,1968.0,female
Cynthia,6.062898,-19.483786,1957.0,female
Jeanne,-7.7359715,-26.247997,1946.0,female
Kathy,6.81098,-22.458826,1958.0,female
Lynn,3.2776012,-21.994858,1956.0,female
Maureen,-3.4816315,-22.66705,1948.0,female
Marsha,-5.5862107,-27.013073,1950.0,female
Constance,-12.625151,-25.676579,1950.0,female
Deborah,8.187611,-22.715534,1954.0,female
Lynda,-10.658476,-29.836725,1947.0,female
Vicki,5.804125,-23.337517,1954.0,female
Teresa,10.914408,-17.542374,1962.0,female
Cathy,7.2598658,-22.311636,1958.0,female
Victoria,6.0352798,12.640248,1993.0,female
Charlene,-3.8480647,-19.480227,1949.0,female
Debra,9.216239,-22.357693,1955.0,female
Denise,10.767443,-17.06527,1964.0,female
Vickie,7.1778936,-22.984497,1956.0,female
Julie,12.822155,-12.244025,1969.0,female
Valerie,8.806781,-6.279192,1959.0,female
Rhonda,12.596702,-18.319347,1965.0,female
Robin,11.894812,-17.51862,1961.0,female
Leslie,9.936048,-4.903715,1969.0,female
Cindy,10.773821,-18.457567,1957.0,female
Lisa,15.990873,-15.051301,1965.0,female
Terry,6.1259503,-23.033648,1955.0,female
Michele,13.521951,-15.036014,1968.0,female
Debbie,10.3210535,-21.667326,1959.0,female
Michelle,17.84729,-6.2888513,1969.0,female
Wendy,13.769032,-13.1075535,1967.0,female
Laurie,11.912858,-18.522993,1962.0,female
Terri,11.5079155,-19.049192,1959.0,female
Kim,11.481271,-20.453505,1960.0,female
Lori,14.78245,-16.564152,1963.0,female
Kimberly,17.024061,-7.0926785,1967.0,female
Tina,15.670167,-14.552066,1968.0,female
Dawn,15.0573635,-14.696716,1970.0,female
Angela,18.086937,-7.1620665,1975.0,female
Jennifer,21.522797,-3.205245,1974.0,female
Annette,2.3882754,-20.21362,1960.0,female
Jill,12.503285,-13.550587,1966.0,female
Tammy,16.230675,-15.790312,1968.0,female
Beth,11.363706,-15.343321,1964.0,female
Amy,20.324493,-5.555525,1975.0,female
Kelly,18.06507,-5.1847787,1977.0,female
Renee,11.324277,-11.692272,1967.0,female
Tracy,17.40762,-13.189889,1970.0,female
Stephanie,17.304684,0.63410825,1984.0,female
Carla,9.3925705,-12.924153,1962.0,female
Melissa,20.449202,-3.0854135,1979.0,female
Regina,8.383316,-13.11848,1964.0,female
Sherri,13.523872,-17.301395,1963.0,female
Penny,4.8436923,-20.6119,1963.0,female
Andrea,13.372623,-0.053117022,1981.0,female
Gina,16.347158,-8.503019,1967.0,female
Dana,15.625244,-6.2758384,1971.0,female
Colleen,7.797205,-11.6588,1964.0,female
Christina,18.847267,-0.09195582,1978.0,female
Monica,15.343898,-3.131502,1973.0,female
Stacey,20.163435,-7.890712,1971.0,female
Tracey,16.991316,-14.322868,1970.0,female
Shelly,15.679815,-13.81547,1966.0,female
Melinda,13.048462,-10.8104315,1973.0,female
Heidi,16.882124,-5.9324136,1974.0,female
Stacy,20.594244,-7.124485,1971.0,female
Tonya,19.80369,-9.797025,1973.0,female
Tamara,16.051435,-8.271613,1974.0,female
Holly,15.838218,-3.0626397,1983.0,female
April,20.66758,-2.3547094,1980.0,female
Heather,22.166666,-1.2128096,1975.0,female
Kristin,20.5627,-0.871971,1981.0,female
Shannon,21.107115,-2.4715962,1976.0,female
Carrie,18.261946,-8.227542,1977.0,female
Rachel,15.241856,7.5105824,1985.0,female
Yolanda,10.784146,-12.713161,1968.0,female
Melanie,12.327594,0.35228792,1973.0,female
Jodi,18.531578,-10.61636,1970.0,female
Nicole,19.944286,5.23776,1983.0,female
Deanna,7.0884905,-8.5245075,1970.0,female
Tanya,19.59453,-7.4536266,1974.0,female
Kristen,20.112535,3.6076765,1982.0,female
Tara,21.378136,-1.6428314,1972.0,female
Jessica,21.236858,7.9059877,1987.0,female
Tiffany,21.995718,5.0605946,1988.0,female
Traci,19.31806,-10.573098,1970.0,female
Crystal,21.6331,1.5516831,1982.0,female
Amanda,22.129717,6.484233,1987.0,female
Christy,20.849825,-6.514737,1975.0,female
Erin,20.27975,4.7584877,1983.0,female
Danielle,19.666994,7.4937077,1987.0,female
Veronica,11.709426,-2.5418723,1974.0,female
Erica,21.106993,5.403527,1986.0,female
Alicia,15.470868,2.655702,1984.0,female
Brandy,23.627918,-0.17307766,1978.0,female
Sara,12.291612,2.8850482,1981.0,female
Misty,24.189247,-1.8523084,1977.0,female
Kristina,18.96609,2.0038466,1985.0,female
Emily,8.909635,19.395615,1999.0,female
Amber,20.643652,8.778299,1986.0,female
Jamie,21.153439,0.9054824,1976.0,female
Allison,8.866619,15.223897,1995.0,female
Megan,19.139315,11.828625,1985.0,female
Brandi,22.58776,2.8685212,1981.0,female
Christie,19.977146,-6.5992627,1975.0,female
Jaime,25.248661,-0.7246054,1976.0,female
Courtney,20.17414,11.715006,1990.0,female
Natalie,6.374407,17.013792,2005.0,female
Samantha,12.570298,20.478954,1991.0,female
Mandy,24.311014,-1.0806016,1978.0,female
Sabrina,13.969848,8.140442,1997.0,female
Kristy,22.628649,-3.1180627,1978.0,female
Vanessa,13.131828,8.669688,1985.0,female
Lauren,17.087217,13.433651,1989.0,female
Ashley,20.848095,12.801038,1987.0,female
Katie,16.819473,9.189539,1986.0,female
Lindsay,22.37288,8.225897,1983.0,female
Kristi,19.395308,-6.87842,1972.0,female
Mindy,21.734669,-4.233812,1979.0,female
Brooke,9.879011,19.82654,1996.0,female
Erika,17.426327,7.2947164,1990.0,female
Leah,6.119141,15.812397,2009.0,female
Katrina,17.226967,1.2024603,1980.0,female
Natasha,20.19725,6.346993,1982.0,female
Lindsey,20.89875,10.845537,1984.0,female
Monique,18.054874,0.93667185,1980.0,female
Candice,21.341084,0.34225422,1982.0,female
Latoya,24.89811,-0.10332432,1984.0,female
Cassandra,15.701952,7.652619,1990.0,female
Krystal,22.025139,8.89566,1985.0,female
Alexis,8.357165,27.031246,1998.0,female
Brittany,22.552261,12.953907,1989.0,female
Jillian,12.422098,18.73741,1982.0,female
Nichole,22.100914,2.440627,1979.0,female
Meghan,19.448547,11.035522,1985.0,female
Kayla,12.699293,24.318882,1991.0,female
Desiree,15.231432,8.443768,1983.0,female
Bethany,16.004618,10.145582,1987.0,female
Jenna,11.902657,21.405546,1985.0,female
Sheena,25.62037,0.015017929,1984.0,female
Chelsea,21.825472,14.044651,1992.0,female
Joanna,11.830125,1.8225409,1984.0,female
Kara,16.071728,6.518661,1991.0,female
Alexandra,11.242653,22.703148,1993.0,female
Whitney,22.343971,11.920813,1986.0,female
Caitlin,20.545504,14.823955,1988.0,female
Dominique,20.728025,13.78941,1985.0,female
Brittney,22.145147,13.218068,1989.0,female
Alison,13.888799,2.5720177,1979.0,female
Rachael,18.093946,7.854812,1987.0,female
Casey,19.256924,10.472124,1987.0,female
Hannah,8.891462,27.0386,2000.0,female
Mallory,12.730727,22.656643,1986.0,female
Alyssa,8.434066,25.584991,1999.0,female
Felicia,16.898415,-3.137393,1986.0,female
Krista,18.73855,1.296576,1986.0,female
Jasmine,11.063432,24.321533,1993.0,female
Kelsey,21.55026,15.254822,1992.0,female
Kendra,14.618485,9.291546,1987.0,female
Morgan,9.998535,25.802122,1995.0,female
Molly,7.340877,14.626043,1991.0,female
Katelyn,8.828524,26.066633,1993.0,female
Brianna,7.9073257,27.598162,2000.0,female
Kaitlin,20.938051,15.823051,1995.0,female
Jordan,11.653875,25.973278,1997.0,female
Taylor,11.189494,28.167856,1993.0,female
Marissa,12.754088,21.29205,1994.0,female
Bianca,11.94142,22.110975,1991.0,female
Abigail,-2.4807265,27.615608,2003.0,female
Kaitlyn,8.802398,27.791862,2000.0,female
Olivia,-4.7147217,26.520164,2014.0,female
Paige,7.418755,23.965944,1995.0,female
Ariel,9.6484,24.866137,1991.0,female
Alexandria,11.754281,24.478878,1993.0,female
Gabrielle,7.7675366,25.187504,1998.0,female
Shelby,14.403086,24.75819,1991.0,female
Mariah,6.807223,27.665108,1996.0,female
Haley,11.243057,27.043098,1996.0,female
Miranda,12.268212,19.591908,1995.0,female
Briana,11.486182,24.998047,1994.0,female
Breanna,11.468097,26.494635,1996.0,female
Angelica,15.671936,14.130417,1996.0,female
Madison,-2.4609773,30.506063,2001.0,female
Sierra,11.443803,27.530993,1998.0,female
Savannah,-0.7370506,28.433027,1996.0,female
Sydney,6.214556,29.059992,2000.0,female
Destiny,6.787663,29.270294,2000.0,female
Madeline,-1.1892834,19.14953,1998.0,female
Caroline,4.68311,12.76531,2000.0,female
Alexa,-2.0097532,27.902342,2006.0,female
Cheyenne,9.788068,28.671999,1996.0,female
Mackenzie,-0.3910135,29.093258,2001.0,female
Selena,8.153407,22.063519,1995.0,female
Bailey,0.26548085,28.937717,1998.0,female
Hailey,-4.307778,30.199093,2003.0,female
Autumn,2.4598575,22.888016,1998.0,female
Sophia,-15.820654,28.284267,2012.0,female
Michaela,12.485426,26.267998,1997.0,female
Makayla,-5.0993643,30.89294,2008.0,female
Mikayla,5.5698214,29.657808,1998.0,female
Isabella,-15.985629,30.849024,2010.0,female
Kaylee,-5.5228357,29.030735,2009.0,female
Chloe,-9.864649,29.703293,2010.0,female
Claire,-1.027654,17.736319,2014.0,female
Faith,-1.362238,19.965601,2002.0,female
Kiara,8.114644,28.522598,1999.0,female
Isabel,-1.3322449,20.069578,2006.0,female
Cassidy,7.5454426,28.700684,1999.0,female
Trinity,-11.735059,32.78562,2004.0,female
Zoe,-9.07425,28.90034,2012.0,female
Jada,-2.8406324,31.061954,2005.0,female
Mia,-15.286846,28.672049,2014.0,female
Gabriella,-7.6810517,28.985909,2010.0,female
Ariana,-4.4073706,27.872267,2014.0,female
Angelina,-1.3550998,21.091085,2005.0,female
Aaliyah,-14.242668,30.506876,2012.0,female
Kylie,-3.2654529,28.228424,2003.0,female
Jade,0.31053582,26.528725,2002.0,female
Riley,-12.641123,30.605825,2010.0,female
Lily,-14.869167,29.400265,2011.0,female
Ava,-20.963533,30.08524,2007.0,female
Ella,-9.956499,22.393364,2010.0,female
Maya,-6.625259,28.685966,2006.0,female
Jocelyn,0.04797101,23.04001,2007.0,female
Arianna,-11.117721,29.157215,2014.0,female
Avery,-19.5405,29.018597,2014.0,female
Sofia,-17.644974,28.838526,2014.0,female
Amelia,-8.146369,22.785223,2014.0,female
Nevaeh,-21.939188,30.788141,2010.0,female
Brooklyn,-17.659315,29.803858,2011.0,female
Gracie,-9.487928,23.024654,2005.0,female
Isabelle,-9.506921,27.133871,2007.0,female
Mya,-12.58957,31.633194,2009.0,female
Addison,-22.990658,30.690767,2007.0,female
Valeria,-8.58332,25.81619,2009.0,female
Aubrey,-16.661613,27.214375,2012.0,female
Natalia,-6.9263473,27.542217,2006.0,female
Gianna,-13.568996,29.964214,2011.0,female
Jayla,-13.121046,31.790377,2006.0,female
Sophie,-11.696641,27.021069,2011.0,female
Layla,-22.444921,28.971956,2013.0,female
Peyton,-16.290323,30.032932,2009.0,female
Madelyn,-10.148127,26.30676,2009.0,female
Camila,-23.587591,29.088484,2013.0,female
Payton,-12.183608,30.458542,2010.0,female
Genesis,-14.299359,28.54301,2013.0,female
Zoey,-24.106697,28.940832,2012.0,female
Bella,-24.04128,29.797255,2010.0,female
Serenity,-21.441772,29.199657,2013.0,female
Khloe,-27.432997,28.882792,2010.0,female
Eva,-4.8610764,6.5977488,2014.0,female
Lucy,-5.1351075,8.197375,2014.0,female
Stella,-5.782313,9.503143,2014.0,female
Naomi,2.4453497,12.432667,2014.0,female
Harper,-28.298382,28.401756,2014.0,female
Scarlett,-25.197247,27.047216,2014.0,female
Kennedy,-12.021637,29.876217,2014.0,female
London,-24.644882,28.490042,2013.0,female
Lydia,3.206124,11.976793,2014.0,female
Ellie,-17.998056,28.300184,2014.0,female
Aubree,-26.022072,27.482296,2013.0,female
Skylar,-11.295533,30.018972,2014.0,female
Violet,-6.1573496,10.434965,2014.0,female
Aria,-27.637745,27.070955,2014.0,female
Reagan,-13.853661,29.297003,2012.0,female
Piper,-21.876148,28.329037,2014.0,female
Annabelle,-20.330801,27.095438,2014.0,female
Sadie,-8.568881,22.987816,2014.0,female
Penelope,-6.3449087,10.657501,2014.0,female
Mila,-27.701862,27.563335,2014.0,female
Paisley,-27.629972,28.042332,2014.0,female
Nora,-4.7908864,7.496063,2014.0,female
Vivian,-5.386675,4.4047146,1940.0,female
Hadley,-25.44762,27.974941,2014.0,female
Robert,-3.9062653,-14.385674,1937.0,male
James,-3.0915859,-12.7027,1944.0,male
John,-2.1860275,-12.846005,1945.0,male
William,-2.2282085,-10.709927,1942.0,male
Richard,-6.138844,-16.582987,1946.0,male
Charles,-6.031589,-13.384268,1937.0,male
Donald,-11.66695,-21.383522,1937.0,male
David,3.30617,-10.904059,1955.0,male
Thomas,-1.5450388,-11.803975,1951.0,male
George,-13.199165,-17.569834,1937.0,male
Ronald,-10.500186,-21.770485,1943.0,male
Joseph,7.1811295,-3.8209732,1981.0,male
Edward,-4.998106,-14.150362,1937.0,male
Kenneth,-2.2725224,-14.233824,1951.0,male
Paul,-0.56054914,-13.819466,1964.0,male
Larry,-12.206363,-26.59987,1947.0,male
Jerry,-13.062131,-21.491636,1941.0,male
Frank,-8.224955,-16.47265,1937.0,male
Raymond,-5.5183096,-13.665083,1937.0,male
Gerald,-16.620129,-23.984982,1939.0,male
Harold,-19.185762,-26.192507,1937.0,male
Billy,-10.473049,-16.432995,1937.0,male
Jack,-5.44633,6.322603,1937.0,male
Bobby,-9.658175,-16.06301,1937.0,male
Joe,-11.490829,-17.96533,1937.0,male
Walter,-13.28455,-19.00995,1937.0,male
Michael,8.718758,-7.164485,1969.0,male
Carl,-7.0663033,-16.493538,1937.0,male
Gary,-5.753494,-24.768997,1951.0,male
Henry,-5.295882,4.529308,1937.0,male
Arthur,-13.338503,-18.206404,1937.0,male
Willie,-12.013728,-19.56058,1937.0,male
Eugene,-16.251871,-22.693142,1937.0,male
Ralph,-15.536224,-25.562778,1937.0,male
Fred,-20.865213,-28.43128,1937.0,male
Roger,-9.758779,-21.882544,1945.0,male
Albert,-9.083041,-14.930037,1937.0,male
Lawrence,-9.333322,-19.039118,1949.0,male
Daniel,9.696018,-1.5443581,1985.0,male
Roy,-10.78998,-19.157658,1943.0,male
Harry,-18.189482,-24.277172,1937.0,male
Howard,-15.411911,-24.8161,1938.0,male
Norman,-18.743788,-25.30977,1938.0,male
Wayne,-8.846535,-21.657967,1947.0,male
Jimmy,-6.100873,-14.670154,1944.0,male
Louis,-6.111367,-12.71298,1937.0,male
Anthony,9.751274,-0.57961434,1987.0,male
Earl,-15.651924,-22.993544,1937.0,male
Marvin,-7.113848,-13.628444,1937.0,male
Melvin,-12.5696,-17.217758,1937.0,male
Don,-16.151674,-25.104479,1937.0,male
Peter,2.620685,-10.391726,1957.0,male
Clarence,-15.558895,-21.815681,1937.0,male
Ernest,-10.156585,-17.7022,1937.0,male
Francis,-14.79961,-18.949429,1938.0,male
Leroy,-19.014404,-24.122967,1937.0,male
Stanley,-10.053665,-20.871166,1951.0,male
Leonard,-10.210148,-18.596632,1939.0,male
Dale,-4.31375,-22.619352,1958.0,male
Alfred,-12.515273,-19.016857,1937.0,male
Gene,-19.79949,-26.312628,1937.0,male
Philip,-0.4889344,-12.009345,1949.0,male
Dennis,-5.7919583,-24.128237,1946.0,male
Bill,-16.866491,-29.711102,1937.0,male
Herbert,-17.556196,-24.529936,1937.0,male
Samuel,4.8414145,12.230099,2001.0,male
Russell,0.32426178,-13.607354,1960.0,male
Frederick,-4.863422,-15.136487,1942.0,male
Johnny,-2.2136362,-12.171209,1945.0,male
Bruce,-4.538417,-24.695406,1951.0,male
Ray,-9.409866,-17.458704,1938.0,male
Jimmie,-20.102137,-25.312876,1937.0,male
Bernard,-11.5933485,-18.79169,1937.0,male
Douglas,1.6969415,-18.78689,1942.0,male
Gordon,-13.205494,-20.357609,1938.0,male
Franklin,-6.0334826,-11.660031,1937.0,male
Allen,-1.1860723,-11.260009,1947.0,male
Lee,-1.5367388,-13.409193,1939.0,male
Andrew,12.235345,8.75452,1987.0,male
Floyd,-16.343685,-23.858755,1937.0,male
Bob,-20.456755,-31.277428,1937.0,male
Eddie,-4.2400856,-13.674767,1947.0,male
Jim,-9.146842,-28.438738,1944.0,male
Tommy,-5.382466,-14.619582,1944.0,male
Leon,-7.245286,-12.344206,1937.0,male
Theodore,-1.6744305,-9.542337,1937.0,male
Martin,1.9884425,-9.517307,1963.0,male
Edwin,0.9101498,-7.543254,1937.0,male
Glenn,-2.28838,-21.4536,1962.0,male
Clifford,-7.129182,-17.06362,1937.0,male
Lloyd,-13.610108,-21.04686,1937.0,male
Stephen,4.486375,-10.654154,1951.0,male
Clyde,-18.25375,-25.093111,1937.0,male
Patrick,9.249995,-4.695647,1968.0,male
Harvey,-21.506971,-25.509142,1937.0,male
Vernon,-10.666971,-18.287916,1937.0,male
Leo,-5.3714614,5.398063,2014.0,male
Phillip,4.200304,-9.356997,1949.0,male
Alvin,-6.4923577,-12.883457,1937.0,male
Jerome,-2.8229074,-13.490805,1938.0,male
Terry,1.0885682,-21.183187,1954.0,male
Alan,0.4492675,-10.018832,1951.0,male
Tom,-8.993982,-28.334816,1959.0,male
Curtis,3.7198236,-10.322638,1962.0,male
Jesse,11.23458,2.0361998,1981.0,male
Ronnie,-3.346553,-19.992079,1946.0,male
Steven,8.525887,-10.477431,1955.0,male
Barry,0.07077663,-21.418312,1962.0,male
Warren,-5.2952065,-13.014123,1938.0,male
Victor,8.037542,-1.1902841,2003.0,male
Danny,1.3225791,-18.302942,1950.0,male
Mike,5.1975217,-22.921144,1960.0,male
Steve,2.720368,-21.499588,1959.0,male
Timothy,10.405969,-8.049652,1967.0,male
Mark,10.190702,-15.476862,1960.0,male
Jeffrey,11.996762,-11.393672,1966.0,male
Gregory,9.3931265,-11.743858,1962.0,male
Rodney,7.3827744,-14.237802,1965.0,male
Keith,9.026886,-11.585183,1966.0,male
Craig,9.879762,-12.571654,1970.0,male
Brian,16.001572,-5.414265,1973.0,male
Randall,6.7463007,-15.55323,1960.0,male
Randy,9.529587,-17.04751,1956.0,male
Christopher,16.420786,1.6464676,1984.0,male
Kevin,12.308994,-3.7722497,1965.0,male
Scott,13.857107,-11.88951,1971.0,male
Eric,15.449485,-1.9876258,1976.0,male
Micheal,7.8842688,-10.74768,1957.0,male
Ricky,9.905676,-17.371939,1958.0,male
Jay,3.9888225,-11.704465,1960.0,male
Rick,7.179703,-21.21926,1958.0,male
Jeffery,12.243623,-12.289265,1962.0,male
Darrell,2.1998177,-14.254785,1958.0,male
Tony,8.488629,-11.9532175,1962.0,male
Vincent,7.768661,-1.9369594,1963.0,male
Kim,8.588878,-23.018642,1955.0,male
Matthew,15.401467,6.6028414,1983.0,male
Dean,2.3325262,-12.799003,1961.0,male
Jeff,11.027161,-20.150625,1962.0,male
Tim,9.734635,-21.138998,1960.0,male
Chris,11.209619,-16.272188,1961.0,male
Greg,11.942626,-19.19031,1962.0,male
Bryan,13.319612,1.8985143,1977.0,male
Todd,16.445164,-13.836607,1968.0,male
Bradley,13.671729,-1.2223592,1980.0,male
Darryl,10.172575,-16.180557,1965.0,male
Jon,5.7961235,-11.689256,1965.0,male
Troy,15.909504,-6.9795837,1968.0,male
Jonathan,13.934199,9.296524,1985.0,male
Jose,7.6115775,12.509109,2002.0,male
Shawn,19.34947,-2.7468436,1973.0,male
Darren,16.86102,-6.6253095,1965.0,male
Sean,15.164838,5.366447,1986.0,male
Jason,23.008879,-1.5576595,1974.0,male
Tracy,14.734169,-15.719199,1966.0,male
Joel,9.085354,-1.2332033,1980.0,male
Marc,11.19268,-7.366987,1970.0,male
Aaron,14.008244,8.679434,1981.0,male
Kelly,12.514195,-12.770557,1967.0,male
Benjamin,8.081145,14.2661295,1981.0,male
Corey,18.936338,6.100653,1989.0,male
Chad,22.760357,-2.4493408,1973.0,male
Shane,15.827592,5.0075397,1973.0,male
Brent,15.358613,-4.7362,1970.0,male
Brett,15.765067,1.5810807,1986.0,male
Travis,19.250843,5.0934944,1979.0,male
Jeremy,21.813345,3.373851,1977.0,male
Adam,17.827799,6.4350157,1984.0,male
Marcus,12.946753,7.8495207,1984.0,male
Lance,12.231729,-3.3273923,1970.0,male
Derek,16.282387,5.9461465,1987.0,male
Juan,7.597519,13.161711,2005.0,male
Derrick,15.985785,0.79143226,1980.0,male
Carlos,7.192935,12.992533,2001.0,male
Ryan,16.1294,11.1780815,1985.0,male
Joshua,16.625954,11.816682,1985.0,male
Brandon,16.936903,12.89589,1985.0,male
Jamie,21.006884,-4.1896462,1976.0,male
Erik,14.914141,5.469323,1980.0,male
Justin,18.098057,10.926645,1988.0,male
Nathan,8.339831,15.677627,2004.0,male
Antonio,8.185781,12.3564415,1997.0,male
Shannon,21.05336,-7.565441,1972.0,male
Christian,4.6727405,23.092453,1996.0,male
Nicholas,15.822547,13.463541,1995.0,male
Jacob,7.119179,22.908495,1998.0,male
Kyle,18.236536,12.635857,1990.0,male
Dustin,21.647017,7.6606565,1984.0,male
Brad,13.726839,-10.824464,1975.0,male
Cory,20.576715,5.718817,1988.0,male
Jared,17.26372,11.987556,1998.0,male
Gabriel,-0.35076755,22.643557,2010.0,male
Jeremiah,0.4528995,21.74041,2010.0,male
Zachary,12.683577,21.724125,1993.0,male
Wesley,8.866076,-0.38091752,1977.0,male
Alexander,5.296068,21.454576,1993.0,male
Shaun,22.833467,1.1262369,1978.0,male
Casey,18.271978,7.0004377,1988.0,male
Nathaniel,6.8046427,15.37777,2002.0,male
Luis,7.526249,16.5643,2000.0,male
Luke,-0.46063197,23.698969,2014.0,male
Lucas,-3.4002037,24.064138,2014.0,male
Seth,10.498483,18.522943,2000.0,male
Tyler,11.813528,23.627405,1994.0,male
Ian,5.761645,19.91995,2005.0,male
Jordan,9.91804,23.481672,1991.0,male
Cody,20.553526,15.138607,1992.0,male
Evan,1.6349595,23.048347,2009.0,male
Alex,8.340748,17.429691,1995.0,male
Adrian,3.075553,20.677847,2008.0,male
Blake,3.9484265,21.897175,2012.0,male
Austin,10.720655,27.023321,1995.0,male
Trevor,11.572261,20.049404,1998.0,male
Cameron,3.980642,24.103243,2000.0,male
Devin,9.772974,22.747293,1998.0,male
Taylor,21.040806,15.31264,1992.0,male
Mitchell,10.259348,0.84553695,1994.0,male
Ethan,-5.88386,29.582094,2002.0,male
Caleb,-0.97990686,27.122282,2002.0,male
Dylan,1.5717702,28.29311,2001.0,male
Jesus,6.876512,16.245365,2001.0,male
Garrett,10.57144,20.498308,2000.0,male
Miguel,7.556578,16.045885,2002.0,male
Logan,-4.273965,28.502676,2007.0,male
Dillon,12.390356,26.95423,1992.0,male
Connor,-1.9020287,29.084099,2004.0,male
Spencer,9.385175,18.47212,1998.0,male
Dakota,11.815385,28.525547,1995.0,male
Hunter,-1.3847771,29.458494,2000.0,male
Tanner,7.617655,27.177677,1997.0,male
Dalton,10.273012,28.104519,1998.0,male
Elijah,-9.559502,28.374876,2011.0,male
Chase,-0.49550113,26.469511,2009.0,male
Isaac,-1.8875471,22.786713,2013.0,male
Noah,-8.033299,28.526672,2014.0,male
Tristan,-3.401956,28.64045,1996.0,male
Isaiah,-4.928824,29.223799,2006.0,male
Malik,8.77452,29.412441,1996.0,male
Cole,-0.119823925,27.863354,2002.0,male
Angel,-1.2668493,23.546555,2006.0,male
Mason,-14.137311,28.187649,2011.0,male
Alejandro,4.9688873,21.53612,2001.0,male
Bryce,1.7773845,23.730537,2000.0,male
Brendan,10.181677,19.401485,1999.0,male
Jackson,-12.450435,28.913498,2013.0,male
Jake,3.976408,23.193783,2004.0,male
Sebastian,-11.677962,28.405764,2014.0,male
Gavin,-10.231102,30.43698,2008.0,male
Julian,-2.3982296,22.220673,2011.0,male
Aidan,-11.835747,33.75716,2003.0,male
Xavier,-3.7697105,26.945826,2007.0,male
Carson,-10.0844755,28.121403,2010.0,male
Colby,8.315448,23.570793,2001.0,male
Dominic,-1.3862545,22.215967,2013.0,male
Jaden,-12.556129,33.028328,2007.0,male
Owen,-12.461391,26.114098,2014.0,male
Hayden,-6.3645244,30.501217,2006.0,male
Diego,-7.4560843,30.999779,2006.0,male
Riley,-2.4377918,27.017097,2006.0,male
Aiden,-22.54534,30.076893,2011.0,male
Jayden,-22.117989,30.04019,2010.0,male
Colin,4.532496,20.678608,2004.0,male
Landon,-15.919494,29.086817,2010.0,male
Ashton,-9.628402,30.79692,2004.0,male
Carter,-17.046673,28.679121,2014.0,male
Wyatt,-12.856308,28.278461,2014.0,male
Brayden,-20.017523,30.185778,2010.0,male
Caden,-13.249268,33.129402,2007.0,male
Kaden,-13.778885,32.752026,2006.0,male
Liam,-23.364435,27.888075,2014.0,male
Brady,-0.81884336,23.392233,2007.0,male
Cooper,-16.72919,29.838228,2010.0,male
Brody,-19.754383,29.697031,2008.0,male
Ayden,-23.470718,29.857206,2012.0,male
Josiah,-13.550695,27.748188,2014.0,male
Colton,-5.1427293,27.678501,2013.0,male
Eli,-17.219193,26.873625,2012.0,male
Levi,-5.8846126,23.946693,2014.0,male
Parker,-8.808939,28.304163,2013.0,male
Oliver,-10.152199,21.994759,2014.0,male
Max,-0.8266595,17.17297,2011.0,male
Jaxon,-25.774273,28.937479,2014.0,male
Bentley,-28.487276,27.896406,2012.0,male
Nolan,-6.8697376,24.197577,2014.0,male
Grayson,-22.663914,27.58677,2014.0,male
Bryson,-14.82099,27.90203,2012.0,male
Jace,-22.0243,27.633726,2013.0,male
Hudson,-24.47186,27.989756,2014.0,male
Easton,-26.264452,28.181944,2014.0,male
Kayden,-24.987436,29.630621,2014.0,male
Damian,-2.433784,23.345087,2013.0,male
Ryder,-25.01337,29.001587,2014.0,male
Jase,-28.523382,27.179562,2013.0,male
Jaxson,-26.629118,28.740416,2014.0,male
Lincoln,-24.263239,26.468168,2014.0,male
Camden,-20.38045,28.701923,2013.0,male
Asher,-23.482641,28.341888,2014.0,male
